angular-frontend/WEB-INF/classes/easyTravel.DB2.properties	414
angular-frontend/WEB-INF/classes/easyTravel.Derby.properties	433
angular-frontend/WEB-INF/classes/easyTravel.Oracle.properties	419
angular-frontend/WEB-INF/classes/easyTravel.SQLServer.properties	456
angular-frontend/WEB-INF/classes/easyTravel.properties	356
angular-frontend/WEB-INF/classes/easyTravelBuild.properties	104
angular-frontend/WEB-INF/classes/easyTravelConfig.properties	41669
angular-frontend/WEB-INF/classes/easyTravelThirdPartyResourcesizes.properties	2065
angular-frontend/WEB-INF/classes/easyTravelTrainingConfig.properties	41687
angular-frontend/WEB-INF/classes/easyTravelWarConfig.properties	438
angular-frontend/index.html	977
angular-frontend/main-es2015.f81ac6e76943cfef85ca.js	97036
angular-frontend/main-es5.f81ac6e76943cfef85ca.js	101870
angular-frontend/polyfills-es2015.3565ea896f2c4deeb962.js	37060
angular-frontend/polyfills-es5.67e24a64108b4a9a8d5e.js	132147
angular-frontend/runtime-es2015.e748bfeb478370a35d92.js	1549
angular-frontend/runtime-es5.e748bfeb478370a35d92.js	1546
angular-frontend/vendor-es2015.05ed783a5d2ae07f87f4.js	1029551
angular-frontend/vendor-es5.05ed783a5d2ae07f87f4.js	1111905
backend/WEB-INF/classes/commons-logging.properties	1357
backend/WEB-INF/classes/easyTravel.DB2.properties	414
backend/WEB-INF/classes/easyTravel.Derby.properties	433
backend/WEB-INF/classes/easyTravel.Oracle.properties	419
backend/WEB-INF/classes/easyTravel.SQLServer.properties	456
backend/WEB-INF/classes/easyTravel.properties	356
backend/WEB-INF/classes/easyTravelBuild.properties	104
backend/WEB-INF/classes/easyTravelConfig.properties	41669
backend/WEB-INF/classes/easyTravelThirdPartyResourcesizes.properties	2065
backend/WEB-INF/classes/easyTravelTrainingConfig.properties	41687
backend/WEB-INF/classes/easyTravelWarConfig.properties	438
backend/WEB-INF/classes/log4j.properties	1722
backend/WEB-INF/include/LeftFrame.jsp	5801
backend/WEB-INF/include/adminfooter.jsp	963
backend/WEB-INF/include/adminheader.jsp	3868
backend/WEB-INF/include/httpbase.jsp	3260
backend/WEB-INF/include/link-footer.jsp	3214
backend/WEB-INF/views/admin/Login.jsp	3773
backend/WEB-INF/views/admin/SelectService.jsp	3709
backend/WEB-INF/views/admin/activateService.jsp	2841
backend/WEB-INF/views/admin/admin.jsp	1403
backend/WEB-INF/views/admin/deactivateService.jsp	2894
backend/WEB-INF/views/admin/editServiceParameters.jsp	3221
backend/WEB-INF/views/admin/engageGlobally.jsp	2982
backend/WEB-INF/views/admin/engageToOperation.jsp	4725
backend/WEB-INF/views/admin/engageToService.jsp	4988
backend/WEB-INF/views/admin/engageToServiceGroup.jsp	4640
backend/WEB-INF/views/admin/errorModule.jsp	1401
backend/WEB-INF/views/admin/globalModules.jsp	2160
backend/WEB-INF/views/admin/listModules.jsp	3328
backend/WEB-INF/views/admin/listServiceGroups.jsp	2744
backend/WEB-INF/views/admin/listServices.jsp	7153
backend/WEB-INF/views/admin/listSingleService.jsp	4125
backend/WEB-INF/views/admin/upload.jsp	2452
backend/WEB-INF/views/admin/viewContexts.jsp	3230
backend/WEB-INF/views/admin/viewGlobalChains.jsp	5453
backend/WEB-INF/views/admin/viewOperationSpecificChains.jsp	5924
backend/WEB-INF/views/admin/viewServiceContext.jsp	1860
backend/WEB-INF/views/admin/viewServiceGroupContext.jsp	2345
backend/WEB-INF/views/admin/viewphases.jsp	4265
backend/WEB-INF/views/listFaultyService.jsp	3943
backend/WEB-INF/views/listServices.jsp	5247
backend/axis2-web/Error/AuthError.html	1601
backend/axis2-web/Error/GenError.html	1549
backend/axis2-web/Error/error404.jsp	2404
backend/axis2-web/Error/error500.jsp	2394
backend/axis2-web/HappyAxis.jsp	17375
backend/axis2-web/MainFrame.jsp	1063
backend/axis2-web/error.jsp	1274
backend/axis2-web/index.jsp	2308
frontend/WEB-INF/classes/easyTravel.DB2.properties	414
frontend/WEB-INF/classes/easyTravel.Derby.properties	433
frontend/WEB-INF/classes/easyTravel.Oracle.properties	419
frontend/WEB-INF/classes/easyTravel.SQLServer.properties	456
frontend/WEB-INF/classes/easyTravel.properties	356
frontend/WEB-INF/classes/easyTravelBuild.properties	104
frontend/WEB-INF/classes/easyTravelConfig.properties	41669
frontend/WEB-INF/classes/easyTravelThirdPartyResourcesizes.properties	2065
frontend/WEB-INF/classes/easyTravelTrainingConfig.properties	41687
frontend/WEB-INF/classes/easyTravelWarConfig.properties	438
frontend/WEB-INF/includes/components/bookingStepIndicator.xhtml	822
frontend/WEB-INF/includes/components/journeyPager.xhtml	1409
frontend/WEB-INF/includes/components/tripDetailsPanel.xhtml	4529
frontend/WEB-INF/includes/components/userListPanel.xhtml	716
frontend/WEB-INF/includes/content/about.xhtml	3419
frontend/WEB-INF/includes/content/booking-finish.xhtml	2688
frontend/WEB-INF/includes/content/booking-login.xhtml	3800
frontend/WEB-INF/includes/content/booking-payment.xhtml	4549
frontend/WEB-INF/includes/content/booking-review.xhtml	1417
frontend/WEB-INF/includes/content/contact.xhtml	5431
frontend/WEB-INF/includes/content/facebook.xhtml	1508
frontend/WEB-INF/includes/content/legal.xhtml	12681
frontend/WEB-INF/includes/content/logout.xhtml	733
frontend/WEB-INF/includes/content/newaccount-result.xhtml	1636
frontend/WEB-INF/includes/content/newaccount.xhtml	3198
frontend/WEB-INF/includes/content/orange-footer.xhtml	2961
frontend/WEB-INF/includes/content/orange-header.xhtml	2820
frontend/WEB-INF/includes/content/orange-login.xhtml	4048
frontend/WEB-INF/includes/content/orange-promotions.xhtml	1703
frontend/WEB-INF/includes/content/privacy.xhtml	22903
frontend/WEB-INF/includes/content/rating-action.xhtml	7626
frontend/WEB-INF/includes/content/rating-results.xhtml	1896
frontend/WEB-INF/includes/content/result-prolog.xhtml	1074
frontend/WEB-INF/includes/content/result.xhtml	3034
frontend/WEB-INF/includes/content/search.xhtml	3410
frontend/WEB-INF/includes/content/searchdelay.xhtml	1280
frontend/WEB-INF/includes/content/seo-page.xhtml	1523
frontend/WEB-INF/includes/content/special-offers.xhtml	645
frontend/WEB-INF/includes/content/trip-details.xhtml	3324
frontend/WEB-INF/includes/templates/orange-template-mobile.xhtml	2715
frontend/WEB-INF/includes/templates/orange-template.xhtml	4143
frontend/about-orange.xhtml	379
frontend/amp/gallery.jsp	8101
frontend/amp/hazel_hurst/index.jsp	7329
frontend/amp/hot_springs/index.jsp	9035
frontend/amp/imbler/index.jsp	8475
frontend/amp/index.jsp	6238
frontend/amp/info.jsp	5772
frontend/amp/italy/index.jsp	9561
frontend/amp/latrobe/index.jsp	7410
frontend/amp/offices.jsp	7470
frontend/apps/easyTravel.xhtml	1297
frontend/contact-orange-mobile.xhtml	360
frontend/contact-orange.xhtml	353
frontend/facebook-orange.xhtml	402
frontend/js/FrameworkProd.js	4689
frontend/js/GlobalProd.js	58828
frontend/js/dtagentApi.js	2407
frontend/js/headerRotation.js	817
frontend/js/jquery-1.5.2.js	219227
frontend/js/jquery-1.8.1.js	269295
frontend/js/jquery-ui-1.8.2.min.js	192329
frontend/js/jquery.formLabels1.0.js	10960
frontend/js/jquery.js	8307
frontend/js/rating.js	10267
frontend/js/recommendation.js	769
frontend/js/usertimings.js	477
frontend/js/version.js	27
frontend/jsp/session.jsp	414
frontend/legal-orange-mobile.xhtml	366
frontend/legal-orange.xhtml	359
frontend/logout.xhtml	354
frontend/maps/gdansk.html	229
frontend/maps/maps_data/main.js	290688
frontend/maps/maps_data/mod_ctrappmod_rotmod_exdommod_kbrdmod_lyrsmod_blyrmod_qdtmod_.js	97811
frontend/maps/maps_data/mod_stats.js	3075
frontend/maps/maps_data/mod_svau.js	764
frontend/maps/maps_data/mod_tfcappmod_lyctr.js	19783
frontend/maps/maps_data/mod_utilmod_strrmod_adfmod_act_smod_mssvtmod_actbrmod_appiw.js	102509
frontend/maps/waltham.html	230
frontend/orange-booking-finish.xhtml	779
frontend/orange-booking-login.xhtml	784
frontend/orange-booking-payment.xhtml	781
frontend/orange-booking-review.xhtml	785
frontend/orange-newaccount-result.xhtml	612
frontend/orange-newaccount.xhtml	605
frontend/orange-rating-action.xhtml	775
frontend/orange-rating-results.xhtml	784
frontend/orange-trip-details.xhtml	923
frontend/orange.xhtml	1030
frontend/privacy-orange-mobile.xhtml	370
frontend/privacy-orange.xhtml	363
frontend/problempatterns/changedetectionlib.js	0
frontend/problempatterns/errorcode_500.jsp	909
frontend/result.xhtml	1325
frontend/seo-orange.xhtml	381
frontend/special-offers.jsp	6839
frontend/special-offers.xhtml	622
headless-loadgen/resources/easyTravel.properties	386
headless-loadgen/resources/easyTravelConfig.properties	41669
headless-loadgen/resources/easyTravelThirdPartyResourcesizes.properties	2065
mongodb/EasyTravelWeatherCache.weathercacheentries.json	4
mongodb/easyTravel-Business.BookingCollection.json	5070787
mongodb/easyTravel-Business.JourneyCollection.json	4856290
mongodb/easyTravel-Business.LocationCollection.json	42302
mongodb/easyTravel-Business.LoginHistoryCollection.json	173993
mongodb/easyTravel-Business.TenantCollection.json	750
mongodb/easyTravel-Business.UserCollection.json	98386
